ins,nom_fr,nom_nl,population_2026,age_moyen,revenu_par_habitant_2023
11001,Aartselaar,Aartselaar,15085,44.7,28645
11002,Anvers,Antwerpen,565615,38.5,20416
11004,Boechout,Boechout,14106,44.4,28906
11005,Boom,Boom,19963,39.3,21430
11008,Brasschaat,Brasschaat,38529,45.9,28766
11009,Brecht,Brecht,30755,44.2,26419
11013,Edegem,Edegem,23698,43.4,28328
11016,Essen,Essen,19671,42.8,23880
11018,Hemiksem,Hemiksem,12466,40.9,24359
11021,Hove,Hove,8400,45.2,32447
11022,Kalmthout,Kalmthout,19826,44.4,27272
11023,Kapellen,Kapellen,28190,45.1,29617
11024,Kontich,Kontich,21894,43.7,28983
11025,Lint,Lint,8568,43.9,28776
11029,Mortsel,Mortsel,26961,41.4,26269
11030,Niel,Niel,11059,39.8,23612
11035,Ranst,Ranst,19867,44.6,27813
11037,Rumst,Rumst,15569,43.5,27593
11038,Schelle,Schelle,8777,43.4,26704
11039,Schilde,Schilde,20476,45.8,31684
11040,Schoten,Schoten,34849,44.1,27443
11044,Stabroek,Stabroek,19126,43.6,27086
11050,Wijnegem,Wijnegem,10703,44.3,25812
11052,Wommelgem,Wommelgem,13642,43.2,25497
11053,Wuustwezel,Wuustwezel,21902,43.3,24739
11054,Zandhoven,Zandhoven,13529,45.7,26616
11055,Zoersel,Zoersel,23223,46.2,28407
11057,Malle,Malle,16256,44.3,25305
12002,Berlaar,Berlaar,12151,44.6,25204
12005,Bonheiden,Bonheiden,15705,45.5,31527
12007,Bornem,Bornem,22333,45.4,28174
12009,Duffel,Duffel,18203,43.2,26564
12014,Heist-op-den-Berg,Heist-op-den-Berg,44991,44.9,25458
12021,Lierre,Lier,38747,43.5,25578
12025,Malines,Mechelen,90355,40.0,24688
12026,Nijlen,Nijlen,23881,44.1,26082
12029,Putte,Putte,19203,44.7,26379
12035,Sint-Katelijne-Waver,Sint-Katelijne-Waver,21937,43.3,27264
12040,Willebroek,Willebroek,28923,40.0,23321
12041,Puurs-Sint-Amands,Puurs-Sint-Amands,27389,43.4,27618
13001,Arendonk,Arendonk,13426,43.4,23357
13002,Baerle-Duc,Baarle-Hertog,3103,42.2,20109
13003,Balen,Balen,23916,43.4,24263
13004,Beerse,Beerse,18780,42.8,25832
13006,Dessel,Dessel,10191,42.9,23840
13008,Geel,Geel,42650,43.4,25049
13010,Grobbendonk,Grobbendonk,11608,45.5,26758
13011,Herentals,Herentals,29163,45.1,25325
13012,Herenthout,Herenthout,9464,45.4,25007
13013,Herselt,Herselt,14777,46.0,25573
13014,Hoogstraten,Hoogstraten,22525,42.9,23588
13016,Hulshout,Hulshout,10652,44.9,25380
13017,Kasterlee,Kasterlee,19835,44.7,26563
13019,Lille,Lille,17175,44.4,25641
13021,Meerhout,Meerhout,10365,44.7,24956
13023,Merksplas,Merksplas,8974,43.7,24309
13025,Mol,Mol,38793,43.8,24532
13029,Olen,Olen,12945,43.6,25696
13031,Oud-Turnhout,Oud-Turnhout,15211,44.3,25699
13035,Ravels,Ravels,15953,43.2,22401
13036,Retie,Retie,12076,43.3,24406
13037,Rijkevorsel,Rijkevorsel,12552,42.0,23230
13040,Turnhout,Turnhout,48490,41.3,21621
13044,Vorselaar,Vorselaar,8056,44.8,25289
13046,Vosselaar,Vosselaar,11933,42.9,27157
13049,Westerlo,Westerlo,25723,45.2,25521
13053,Laakdal,Laakdal,17032,44.4,25338
21001,Anderlecht,Anderlecht,129600,36.2,14482
21002,Auderghem,Oudergem,35659,40.0,24237
21003,Berchem-Sainte-Agathe,Sint-Agatha-Berchem,25762,38.5,18850
21004,Bruxelles,Brussel,198674,36.6,16683
21005,Etterbeek,Etterbeek,49638,37.5,19652
21006,Evere,Evere,45984,38.2,17285
21007,Forest,Vorst,58904,38.1,19132
21008,Ganshoren,Ganshoren,25731,38.9,18429
21009,Ixelles,Elsene,89162,37.9,21877
21010,Jette,Jette,54330,38.1,18360
21011,Koekelberg,Koekelberg,22578,35.9,15631
21012,Molenbeek-Saint-Jean,Sint-Jans-Molenbeek,98411,35.6,13513
21013,Saint-Gilles,Sint-Gillis,48756,37.8,17920
21014,Saint-Josse-ten-Noode,Sint-Joost-ten-Node,27003,35.9,12987
21015,Schaerbeek,Schaarbeek,129278,36.1,16246
21016,Uccle,Ukkel,87548,41.4,26354
21017,Watermael-Boitsfort,Watermaal-Bosvoorde,25271,42.6,24951
21018,Woluwe-Saint-Lambert,Sint-Lambrechts-Woluwe,60979,40.2,22058
21019,Woluwe-Saint-Pierre,Sint-Pieters-Woluwe,42566,41.8,26130
23002,Asse,Asse,36018,40.2,24367
23003,Beersel,Beersel,26800,40.7,26748
23009,Biévène,Bever,2279,42.7,26099
23016,Dilbeek,Dilbeek,45111,41.9,26563
23025,Grimbergen,Grimbergen,40491,40.8,26507
23027,Hal,Halle,43131,41.2,24504
23033,Hoeilaart,Hoeilaart,11521,41.7,29025
23038,Kampenhout,Kampenhout,12600,42.5,29295
23039,Kapelle-op-den-Bos,Kapelle-op-den-Bos,9848,43.5,28246
23044,Liedekerke,Liedekerke,14113,42.5,23867
23045,Londerzeel,Londerzeel,19598,43.1,27701
23047,Machelen,Machelen,17115,37.6,20500
23050,Meise,Meise,20592,42.6,29026
23052,Merchtem,Merchtem,18467,42.3,27270
23060,Opwijk,Opwijk,15143,42.0,26651
23062,Overijse,Overijse,26452,41.9,30094
23064,Pepingen,Pepingen,4546,44.3,30207
23077,Sint-Pieters-Leeuw,Sint-Pieters-Leeuw,37055,40.1,22461
23081,Steenokkerzeel,Steenokkerzeel,12737,42.2,27970
23086,Ternat,Ternat,16742,42.5,26890
23088,Vilvorde,Vilvoorde,48413,37.6,21493
23094,Zaventem,Zaventem,37518,39.2,23477
23096,Zemst,Zemst,23367,43.5,30506
23097,Roosdaal,Roosdaal,12163,42.8,27591
23098,Drogenbos,Drogenbos,6067,39.8,21180
23099,Kraainem,Kraainem,13985,40.9,27924
23100,Linkebeek,Linkebeek,4673,42.8,29156
23101,Rhode-Saint-Genèse,Sint-Genesius-Rode,18622,42.4,31582
23102,Wemmel,Wemmel,18270,40.3,24909
23103,Wezembeek-Oppem,Wezembeek-Oppem,14930,41.4,28495
23104,Lennik,Lennik,9400,44.7,28261
23105,Affligem,Affligem,13900,42.0,27261
23106,Pajottegem,Pajottegem,25501,43.7,27431
24001,Aarschot,Aarschot,31948,44.9,26622
24007,Begijnendijk,Begijnendijk,10668,45.4,27647
24008,Bekkevoort,Bekkevoort,6965,44.1,26265
24009,Bertem,Bertem,10394,42.3,30235
24011,Bierbeek,Bierbeek,10926,43.2,31905
24014,Boortmeerbeek,Boortmeerbeek,13447,42.6,29597
24016,Boutersem,Boutersem,8678,42.8,29541
24020,Diest,Diest,25196,45.0,25940
24028,Geetbets,Geetbets,6309,43.9,24094
24033,Haacht,Haacht,15811,44.2,28937
24038,Herent,Herent,23287,42.3,31447
24041,Hoegaarden,Hoegaarden,7016,42.8,28516
24043,Holsbeek,Holsbeek,10283,43.6,30252
24045,Huldenberg,Huldenberg,10132,43.0,29072
24048,Keerbergen,Keerbergen,13447,46.4,33727
24054,Kortenaken,Kortenaken,8046,44.9,25961
24055,Kortenberg,Kortenberg,21425,42.2,28569
24059,Landen,Landen,16458,43.5,25632
24062,Louvain,Leuven,105357,39.6,26429
24066,Lubbeek,Lubbeek,15290,44.7,31053
24086,Oud-Heverlee,Oud-Heverlee,11414,43.8,34578
24094,Rotselaar,Rotselaar,17807,43.2,29868
24104,Tervuren,Tervuren,23179,41.4,30601
24107,Tirlemont,Tienen,36962,43.3,24352
24109,Tremelo,Tremelo,15372,46.6,28364
24130,Léau,Zoutleeuw,8805,45.8,25656
24133,Linter,Linter,7410,44.6,26285
24134,Montaigu-Zichem,Scherpenheuvel-Zichem,24537,45.7,25764
24135,Tielt-Winge,Tielt-Winge,11585,44.0,26880
24137,Glabbeek,Glabbeek,5475,44.8,28252
25005,Beauvechain,Bevekom,7248,42.4,27431
25014,Braine-l’Alleud,Eigenbrakel,40815,43.4,26956
25015,Braine-le-Château,Kasteelbrakel,10610,42.4,26708
25018,Chaumont-Gistoux,Chaumont-Gistoux,11918,43.5,30527
25023,Court-Saint-Etienne,Court-Saint-Etienne,11081,41.9,25875
25031,Genappe,Genepiën,16299,41.1,26971
25037,Grez-Doiceau,Graven,14049,42.9,28605
25043,Incourt,Incourt,5710,41.4,26700
25044,Ittre,Itter,6918,43.4,27667
25048,Jodoigne,Geldenaken,15030,42.0,24876
25050,La Hulpe,Terhulpen,7539,44.6,28333
25068,Mont-Saint-Guibert,Mont-Saint-Guibert,8503,40.6,27638
25072,Nivelles,Nijvel,29830,43.5,26404
25084,Perwez,Perwijs,9810,41.7,26031
25091,Rixensart,Rixensart,22973,44.2,28513
25105,Tubize,Tubeke,29043,40.8,21128
25107,Villers-la-Ville,Villers-la-Ville,11054,41.7,26649
25110,Waterloo,Waterloo,30386,45.0,29727
25112,Wavre,Waver,35735,43.3,26292
25117,Chastre,Chastre,7817,41.3,27099
25118,Hélécine,Hélécine,3926,40.1,24055
25119,Lasne,Lasne,14151,44.9,34116
25120,Orp-Jauche,Orp-Jauche,9176,41.6,25211
25121,Ottignies-Louvain-la-Neuve,Ottignies-Louvain-la-Neuve,31823,42.1,24735
25122,Ramillies,Ramillies,6707,41.4,25341
25123,Rebecq,Rebecq,11230,41.3,23369
25124,Walhain,Walhain,7566,40.3,27945
31003,Beernem,Beernem,16334,44.4,25367
31004,Blankenberge,Blankenberge,20741,50.9,23581
31005,Bruges,Brugge,120458,45.3,25820
31006,Damme,Damme,11321,45.8,26856
31012,Jabbeke,Jabbeke,14990,45.3,27352
31022,Oostkamp,Oostkamp,24102,44.1,25975
31033,Torhout,Torhout,21154,44.2,24186
31040,Zedelgem,Zedelgem,23747,44.0,25910
31042,Zuienkerke,Zuienkerke,2641,46.2,26355
31043,Knokke-Heist,Knokke-Heist,32163,53.6,33730
32003,Dixmude,Diksmuide,17386,44.1,22618
32006,Houthulst,Houthulst,10543,41.8,22057
32010,Koekelare,Koekelare,8886,44.2,23125
32011,Kortemark,Kortemark,13084,43.5,22884
32030,Lo-Reninge,Lo-Reninge,3138,43.3,22442
33011,Ypres,Ieper,35629,44.6,23309
33016,Messines,Mesen,1068,39.0,18444
33021,Poperinge,Poperinge,19890,44.8,22029
33029,Wervik,Wervik,19234,42.6,21672
33037,Zonnebeke,Zonnebeke,12784,42.8,23177
33039,Heuvelland,Heuvelland,8049,43.5,21813
33040,Langemark-Poelkapelle,Langemark-Poelkapelle,8258,42.4,23121
33041,Vleteren,Vleteren,3581,42.6,21619
34002,Anzegem,Anzegem,15294,43.1,25558
34003,Avelgem,Avelgem,10426,43.4,23664
34009,Deerlijk,Deerlijk,12727,42.5,24667
34013,Harelbeke,Harelbeke,30605,42.8,23467
34022,Courtrai,Kortrijk,81523,42.0,23913
34023,Kuurne,Kuurne,14308,42.6,22934
34025,Lendelede,Lendelede,5863,44.6,24254
34027,Menin,Menen,34640,42.3,21110
34040,Waregem,Waregem,40737,43.9,24745
34041,Wevelgem,Wevelgem,32089,43.3,24042
34042,Zwevegem,Zwevegem,26035,43.0,24820
34043,Espierres-Helchin,Spiere-Helkijn,2051,41.9,22424
35002,Bredene,Bredene,18057,47.2,24722
35005,Gistel,Gistel,12098,44.3,24202
35006,Ichtegem,Ichtegem,14681,43.1,23247
35011,Middelkerke,Middelkerke,20069,52.6,25076
35013,Ostende,Oostende,73000,47.2,23099
35014,Oudenburg,Oudenburg,10449,43.5,24337
35029,De Haan,De Haan,12682,52.8,27934
36006,Hooglede,Hooglede,10248,43.9,24269
36007,Ingelmunster,Ingelmunster,11663,43.2,23596
36008,Izegem,Izegem,29444,43.2,23514
36010,Ledegem,Ledegem,9797,43.3,23434
36011,Lichtervelde,Lichtervelde,9450,43.1,24133
36012,Moorslede,Moorslede,11531,43.2,22906
36015,Roulers,Roeselare,67697,42.2,23217
36019,Staden,Staden,11759,42.3,22591
37002,Dentergem,Dentergem,8824,42.6,24037
37010,Oostrozebeke,Oostrozebeke,7972,43.1,23409
37011,Pittem,Pittem,7003,43.4,23342
37017,Wielsbeke,Wielsbeke,10282,40.9,23443
37020,Ardooie,Ardooie,9546,43.8,24571
37021,Wingene,Wingene,20919,43.0,24292
37022,Tielt,Tielt,31973,44.0,23597
38002,Alveringem,Alveringem,4967,41.4,22095
38008,La Panne,De Panne,10829,51.7,25272
38014,Koksijde,Koksijde,21072,56.7,32288
38016,Nieuport,Nieuwpoort,11431,54.0,25502
38025,Furnes,Veurne,12749,45.7,23577
41002,Alost,Aalst,93094,42.0,24428
41011,Denderleeuw,Denderleeuw,21402,40.7,23691
41018,Grammont,Geraardsbergen,35338,43.2,23956
41024,Haaltert,Haaltert,19667,43.3,26231
41027,Herzele,Herzele,19291,43.2,26394
41034,Lede,Lede,19528,43.9,26447
41048,Ninove,Ninove,40879,43.1,24234
41063,Sint-Lievens-Houtem,Sint-Lievens-Houtem,10750,43.7,27314
41081,Zottegem,Zottegem,28343,44.4,26888
41082,Erpe-Mere,Erpe-Mere,21211,43.9,26667
42003,Berlare,Berlare,15480,44.4,25686
42004,Buggenhout,Buggenhout,15203,43.7,27109
42006,Termonde,Dendermonde,47828,43.3,25119
42008,Hamme,Hamme,25763,42.5,24146
42010,Laarne,Laarne,12525,44.8,28252
42011,Lebbeke,Lebbeke,20380,42.7,25532
42023,Waasmunster,Waasmunster,11532,43.0,28549
42025,Wetteren,Wetteren,27071,43.0,24816
42026,Wichelen,Wichelen,12171,43.5,26187
42028,Zele,Zele,21587,42.2,23109
43002,Assenede,Assenede,14626,44.7,25904
43005,Eeklo,Eeklo,22911,44.1,23158
43007,Kaprijke,Kaprijke,6710,44.0,26378
43010,Maldegem,Maldegem,24927,44.4,24445
43014,Sint-Laureins,Sint-Laureins,7007,44.9,25158
43018,Zelzate,Zelzate,13745,42.0,22138
44013,Destelbergen,Destelbergen,19223,44.0,29512
44019,Evergem,Evergem,37371,43.6,26160
44020,Gavere,Gavere,13437,44.2,28232
44021,Gand,Gent,274042,39.6,24043
44052,Oosterzele,Oosterzele,14150,43.0,28644
44064,Sint-Martens-Latem,Sint-Martens-Latem,8157,46.8,36091
44081,Zulte,Zulte,16260,42.5,25301
44083,Deinze,Deinze,46380,43.8,26663
44084,Aalter,Aalter,29862,44.6,27103
44085,Lievegem,Lievegem,27502,44.6,26162
44086,Nazareth-De Pinte,Nazareth-De Pinte,23633,44.5,30123
44087,Lochristi,Lochristi,30982,44.5,27593
44088,Merelbeke-Melle,Merelbeke-Melle,37675,42.9,28924
45035,Audenarde,Oudenaarde,33105,43.9,25757
45041,Renaix,Ronse,27731,40.9,19660
45059,Brakel,Brakel,15169,44.7,25918
45060,Kluisbergen,Kluisbergen,6939,42.8,25186
45061,Wortegem-Petegem,Wortegem-Petegem,6542,43.3,27610
45062,Horebeke,Horebeke,2020,47.2,28404
45063,Lierde,Lierde,6880,44.4,26170
45064,Maarkedal,Maarkedal,6289,46.1,27824
45065,Zwalin,Zwalm,8374,44.0,27711
45068,Kruisem,Kruisem,16035,43.3,27272
46020,Sint-Gillis-Waas,Sint-Gillis-Waas,20272,43.3,26639
46021,Sint-Niklaas,Sint-Niklaas,83400,40.8,22383
46024,Stekene,Stekene,19955,43.7,26071
46025,Tamise,Temse,31814,42.0,24971
46029,Lokeren,Lokeren,50897,41.9,24220
46030,Beveren-Kruibeke-Zwijndrecht,Beveren-Kruibeke-Zwijndrecht,88344,43.1,26447
51004,Ath,Aat,30235,43.6,23849
51008,Beloeil,Beloeil,14351,41.8,21850
51009,Bernissart,Bernissart,11844,42.1,21265
51012,Brugelette,Brugelette,3889,39.5,21707
51014,Chièvres,Chièvres,7133,41.4,22808
51017,Ellezelles,Elzele,5884,44.0,24496
51019,Flobecq,Vloesberg,3453,44.2,24165
51065,Frasnes-lez-Anvaing,Frasnes-lez-Anvaing,12211,43.0,23524
51067,Enghien,Edingen,14702,41.9,24240
51068,Silly,Opzullik,8431,44.0,26645
51069,Lessines,Lessen,18901,42.2,21493
52010,Chapelle-lez-Herlaimont,Chapelle-lez-Herlaimont,15033,42.3,20482
52011,Charleroi,Charleroi,206900,39.9,16725
52012,Châtelet,Châtelet,35975,41.4,17788
52015,Courcelles,Courcelles,31673,41.1,19717
52018,Farciennes,Farciennes,11453,39.0,15317
52021,Fleurus,Fleurus,23037,42.2,20496
52022,Fontaine-l’Evêque,Fontaine-l’Evêque,18061,41.7,19904
52025,Gerpinnes,Gerpinnes,12836,46.3,26321
52048,Montigny-le-Tilleul,Montigny-le-Tilleul,10110,45.8,26092
52055,Pont-à-Celles,Pont-à-Celles,17623,41.9,24554
52074,Aiseau-Presles,Aiseau-Presles,10964,41.8,20323
52075,Les Bons Villers,Les Bons Villers,9757,43.4,25817
53014,Boussu,Boussu,20516,41.3,17922
53020,Dour,Dour,16611,41.7,19458
53028,Frameries,Frameries,21472,42.0,19636
53039,Hensies,Hensies,6828,42.8,20198
53044,Jurbise,Jurbeke,10912,42.9,25447
53046,Lens,Lens,4608,41.1,22819
53053,Mons,Bergen,97745,41.4,20388
53065,Quaregnon,Quaregnon,19018,41.7,17720
53068,Quiévrain,Quiévrain,6823,41.9,18594
53070,Saint-Ghislain,Saint-Ghislain,23969,43.6,21986
53082,Colfontaine,Colfontaine,20761,39.6,17006
53083,Honnelles,Honnelles,5095,43.6,23258
53084,Quévy,Quévy,8252,43.0,24621
55004,Braine-le-Comte,’s Gravenbrakel,23761,41.5,23203
55035,Le Roeulx,Le Roeulx,8716,43.0,24240
55040,Soignies,Zinnik,29397,42.2,22272
55050,Ecaussinnes,Ecaussinnes,11624,41.2,23149
55085,Seneffe,Seneffe,11568,42.6,25273
55086,Manage,Manage,24249,40.8,19096
56001,Anderlues,Anderlues,13107,41.2,19644
56005,Beaumont,Beaumont,7104,43.1,21521
56016,Chimay,Chimay,9606,44.0,20065
56022,Erquelinnes,Erquelinnes,9941,41.8,19574
56029,Froidchapelle,Froidchapelle,3999,44.1,20585
56044,Lobbes,Lobbes,5950,43.6,24329
56049,Merbes-le-Château,Merbes-le-Château,4193,41.5,21005
56051,Momignies,Momignies,5214,41.9,17784
56078,Thuin,Thuin,14916,45.0,23889
56086,Ham-sur-Heure-Nalinnes,Ham-sur-Heure-Nalinnes,13856,45.1,27546
56088,Sivry-Rance,Sivry-Rance,4828,42.9,20913
57003,Antoing,Antoing,7602,42.4,20657
57018,Celles,Celles,5732,42.9,22541
57027,Estaimpuis,Estaimpuis,10915,40.9,21983
57062,Pecq,Pecq,5967,41.9,21875
57064,Péruwelz,Péruwelz,17350,42.0,20708
57072,Rumes,Rumes,5351,42.7,21211
57081,Tournai,Doornik,69066,43.7,22157
57093,Brunehaut,Brunehaut,8094,41.6,22603
57094,Leuze-en-Hainaut,Leuze-en-Hainaut,14217,42.5,22111
57095,Mont-de-l’Enclus,Mont-de-l’Enclus,3839,42.4,23938
57096,Mouscron,Moeskroen,60410,40.9,18694
57097,Comines-Warneton,Komen-Waasten,18286,42.6,18641
58001,La Louvière,La Louvière,81751,41.6,18708
58002,Binche,Binche,33841,42.9,21034
58003,Estinnes,Estinnes,7903,42.3,22664
58004,Morlanwelz,Morlanwelz,19143,42.9,20501
61003,Amay,Amay,14488,41.5,22067
61010,Burdinne,Burdinne,3300,40.4,27373
61012,Clavier,Clavier,5027,40.8,24431
61019,Ferrières,Ferrières,5214,42.6,24191
61024,Hamoir,Hamoir,3778,43.9,22917
61028,Héron,Héron,5639,38.7,25826
61031,Huy,Hoei,21913,43.1,21558
61039,Marchin,Marchin,5690,40.7,24829
61041,Modave,Modave,4176,42.3,25401
61043,Nandrin,Nandrin,5735,45.5,29131
61048,Ouffet,Ouffet,2844,42.1,24082
61063,Verlaine,Verlaine,4384,41.5,27241
61068,Villers-Le-Bouillet,Villers-Le-Bouillet,6933,40.2,25060
61072,Wanze,Wanze,14053,42.8,24707
61079,Anthisnes,Anthisnes,4163,43.4,25631
61080,Engis,Engis,6324,39.7,20340
61081,Tinlot,Tinlot,2813,42.9,26919
62003,Ans,Ans,29268,41.9,20235
62006,Awans,Awans,9373,44.2,24822
62009,Aywaille,Aywaille,12999,42.8,23310
62011,Bassenge,Bitsingen,9059,42.6,23194
62015,Beyne-Heusay,Beyne-Heusay,11978,41.6,20706
62022,Chaudfontaine,Chaudfontaine,20525,46.1,29162
62026,Comblain-au-Pont,Comblain-au-Pont,5403,42.3,20958
62027,Dalhem,Dalhem,7700,42.0,25881
62032,Esneux,Esneux,12779,45.2,27309
62038,Fléron,Fléron,16451,44.9,21964
62051,Herstal,Herstal,40909,40.6,18229
62060,Juprelle,Juprelle,9912,43.1,24902
62063,Liège,Luik,198102,40.4,19002
62079,Oupeye,Oupeye,26036,42.9,21814
62093,Saint-Nicolas,Saint-Nicolas,24529,40.1,17237
62096,Seraing,Seraing,64764,40.3,17731
62099,Soumagne,Soumagne,17282,42.7,23237
62100,Sprimont,Sprimont,15086,43.3,26839
62108,Visé,Wezet,18097,43.1,21907
62118,Grâce-Hollogne,Grâce-Hollogne,23353,40.8,19024
62119,Blegny,Blegny,13620,43.9,24621
62120,Flémalle,Flémalle,27167,41.4,20551
62121,Neupré,Neupré,9964,46.2,29899
62122,Trooz,Trooz,8290,40.8,23415
63001,Amblève,Amel,5646,42.4,22315
63003,Aubel,Aubel,4232,44.7,24024
63004,Baelen,Baelen,4514,41.7,23281
63012,Bullange,Büllingen,5479,43.8,22019
63013,Butgenbach,Bütgenbach,5585,44.4,21905
63020,Dison,Dison,15346,37.9,15516
63023,Eupen,Eupen,20145,42.7,22148
63035,Herve,Herve,17822,42.7,23928
63038,Jalhay,Jalhay,8833,43.8,26419
63040,La Calamine,Kelmis,11332,43.6,20566
63045,Lierneux,Lierneux,3646,42.5,22168
63046,Limbourg,Limburg,5669,42.5,22433
63048,Lontzen,Lontzen,6080,41.7,22313
63049,Malmedy,Malmedy,12973,44.0,22388
63057,Olne,Olne,4179,42.6,26424
63058,Pepinster,Pepinster,9381,40.9,21288
63061,Raeren,Raeren,11114,43.8,24528
63067,Saint-Vith,Sankt Vith,10191,42.6,23670
63072,Spa,Spa,9923,46.1,22216
63073,Stavelot,Stavelot,7221,42.7,22377
63075,Stoumont,Stoumont,3243,42.8,25034
63076,Theux,Theux,12185,43.3,25060
63079,Verviers,Verviers,56182,40.0,17861
63080,Waimes,Weismes,7524,42.9,21637
63084,Welkenraedt,Welkenraedt,10531,42.0,22467
63086,Trois-Ponts,Trois-Ponts,2540,43.4,22090
63087,Burg-Reuland,Burg-Reuland,3943,42.8,22739
63088,Plombières,Plombières,10702,42.4,21094
63089,Thimister-Clermont,Thimister-Clermont,5614,41.9,25085
64008,Berloz,Berloz,3426,39.8,25220
64015,Braives,Braives,6527,40.8,25057
64021,Crisnée,Crisnée,3595,43.7,26672
64023,Donceel,Donceel,3127,42.0,27417
64025,Fexhe-le-Haut-Clocher,Fexhe-le-Haut-Clocher,3408,41.7,25586
64029,Geer,Geer,3578,40.7,26666
64034,Hannut,Hannuit,17295,43.1,25319
64047,Lincent,Lijsem,3419,42.2,24975
64056,Oreye,Oerle,4091,41.0,24702
64063,Remicourt,Remicourt,5948,42.5,26190
64065,Saint-Georges-sur-Meuse,Saint-Georges-sur-Meuse,7176,41.7,22748
64074,Waremme,Borgworm,15427,44.9,24170
64075,Wasseiges,Wasseiges,3197,40.5,23934
64076,Faimes,Faimes,4191,41.8,27321
71002,As,As,8249,43.2,24566
71004,Beringen,Beringen,49034,41.9,22357
71011,Diepenbeek,Diepenbeek,19867,44.6,25532
71016,Genk,Genk,68101,43.0,21445
71017,Gingelom,Gingelom,8755,43.1,26893
71020,Halen,Halen,9584,45.3,25739
71024,Herck-la-Ville,Herk-de-Stad,13004,44.9,26127
71034,Bourg-Léopold,Leopoldsburg,16973,42.9,22554
71037,Lummen,Lummen,15452,44.9,26096
71045,Nieuwerkerken,Nieuwerkerken,7340,44.7,24446
71053,Saint-Trond,Sint-Truiden,41987,45.4,24098
71066,Zonhoven,Zonhoven,22030,44.4,25219
71067,Zutendaal,Zutendaal,7477,45.9,25388
71070,Heusden-Zolder,Heusden-Zolder,35032,42.7,22449
71071,Tessenderlo-Ham,Tessenderlo-Ham,30827,44.0,25391
71072,Hasselt,Hasselt,90914,44.7,26226
72003,Bocholt,Bocholt,13884,43.9,22292
72004,Bree,Bree,17371,44.5,23175
72018,Kinrooi,Kinrooi,12556,44.7,22400
72020,Lommel,Lommel,35451,44.8,23491
72021,Maaseik,Maaseik,25896,45.0,23182
72030,Peer,Peer,16788,44.5,23298
72037,Hamont-Achel,Hamont-Achel,14572,44.8,21747
72038,Hechtel-Eksel,Hechtel-Eksel,13089,43.1,22999
72039,Houthalen-Helchteren,Houthalen-Helchteren,30879,42.9,21732
72041,Dilsen-Stokkem,Dilsen-Stokkem,21677,43.3,22114
72042,Oudsbergen,Oudsbergen,24005,44.3,23949
72043,Pelt,Pelt,34698,44.0,23124
73001,Alken,Alken,11943,45.1,25947
73022,Heers,Heers,7595,44.3,23995
73028,Herstappe,Herstappe,78,46.2,24336
73042,Lanaken,Lanaken,26513,45.4,23900
73066,Riemst,Riemst,16890,44.2,23790
73098,Wellen,Wellen,7556,46.0,25576
73107,Maasmechelen,Maasmechelen,40653,42.5,20262
73109,Fourons,Voeren,4395,44.0,23470
73110,Bilzen-Hoeselt,Bilzen-Hoeselt,43228,44.4,24311
73111,Tongres-Looz,Tongeren-Borgloon,44239,45.0,23794
81001,Arlon,Aarlen,31440,40.2,26309
81003,Attert,Attert,5824,39.8,31944
81004,Aubange,Aubange,17845,40.0,20736
81013,Martelange,Martelange,2142,37.8,21925
81015,Messancy,Messancy,8637,40.7,28101
82009,Fauvillers,Fauvillers,2536,38.6,23140
82014,Houffalize,Houffalize,5385,41.4,21463
82032,Vielsalm,Vielsalm,7888,42.5,20943
82036,Vaux-sur-Sûre,Vaux-sur-Sûre,6384,37.7,22270
82037,Gouvy,Gouvy,5423,41.0,20486
82038,Sainte-Ode,Sainte-Ode,2706,40.5,20168
82039,Bastogne,Bastenaken,21010,39.6,21564
83012,Durbuy,Durbuy,11364,44.6,21601
83013,Erezée,Erezée,3368,45.0,22426
83028,Hotton,Hotton,5699,41.8,20914
83031,La Roche-en-Ardenne,La Roche-en-Ardenne,4055,44.9,21526
83034,Marche-en-Famenne,Marche-en-Famenne,18007,42.4,22155
83040,Nassogne,Nassogne,5714,41.1,21964
83044,Rendeux,Rendeux,2743,41.8,21026
83049,Tenneville,Tenneville,2872,41.9,22368
83055,Manhay,Manhay,3778,40.8,22960
84009,Bertrix,Bertrix,9110,41.6,21008
84010,Bouillon,Bouillon,5292,45.8,20493
84016,Daverdisse,Daverdisse,1397,43.6,19725
84029,Herbeumont,Herbeumont,1731,41.4,21290
84033,Léglise,Léglise,5903,36.9,23428
84035,Libin,Libin,5391,41.1,22534
84043,Neufchâteau,Neufchâteau,8388,38.8,22275
84050,Paliseul,Paliseul,5577,41.5,20975
84059,Saint-Hubert,Saint-Hubert,5741,42.1,21252
84068,Tellin,Tellin,2519,42.0,22365
84075,Wellin,Wellin,3241,43.3,22004
84077,Libramont-Chevigny,Libramont-Chevigny,12065,40.4,22998
85007,Chiny,Chiny,5222,42.2,21745
85009,Etalle,Etalle,6040,39.9,26790
85011,Florenville,Florenville,5681,45.4,21239
85024,Meix-devant-Virton,Meix-devant-Virton,2824,42.0,22280
85026,Musson,Musson,4715,39.9,23586
85034,Saint-Léger,Saint-Léger,3806,39.5,25553
85039,Tintigny,Tintigny,4635,39.4,23689
85045,Virton,Virton,11456,42.2,22164
85046,Habay,Habay,8719,39.5,25639
85047,Rouvroy,Rouvroy,2097,42.6,21346
91005,Anhée,Anhée,7094,43.0,22866
91013,Beauraing,Beauraing,9474,43.0,20658
91015,Bièvre,Bièvre,3482,42.9,20153
91030,Ciney,Ciney,17140,42.5,22351
91034,Dinant,Dinant,13412,44.0,20555
91054,Gedinne,Gedinne,4689,44.3,20596
91059,Hamois,Hamois,7502,40.0,23813
91064,Havelange,Havelange,5444,41.2,21862
91072,Houyet,Houyet,5226,42.1,21515
91103,Onhaye,Onhaye,3262,42.0,22474
91114,Rochefort,Rochefort,12756,42.4,21197
91120,Somme-Leuze,Somme-Leuze,6293,40.9,22308
91141,Yvoir,Yvoir,9212,42.8,24612
91142,Hastière,Hastière,6077,46.9,19549
91143,Vresse-sur-Semois,Vresse-sur-Semois,2466,49.3,20580
92003,Andenne,Andenne,28239,41.7,21931
92006,Assesse,Assesse,7386,40.4,25569
92035,Eghezée,Eghezée,16970,41.6,25622
92045,Floreffe,Floreffe,8087,42.0,25256
92048,Fosses-la-Ville,Fosses-la-Ville,10513,41.6,22969
92054,Gesves,Gesves,7473,41.3,25822
92087,Mettet,Mettet,13668,42.0,23555
92094,Namur,Namen,115457,42.2,22702
92097,Ohey,Ohey,5396,40.4,23486
92101,Profondeville,Profondeville,12287,43.5,25680
92114,Sombreffe,Sombreffe,8384,41.9,24764
92137,Sambreville,Sambreville,28587,42.1,20776
92138,Fernelmont,Fernelmont,8210,40.9,26109
92140,Jemeppe-sur-Sambre,Jemeppe-sur-Sambre,19244,41.2,22628
92141,La Bruyère,La Bruyère,9428,41.2,27635
92142,Gembloux,Gembloux,26573,41.6,25663
93010,Cerfontaine,Cerfontaine,5016,42.5,22257
93014,Couvin,Couvin,13927,44.2,19637
93018,Doische,Doische,2947,44.3,20764
93022,Florennes,Florennes,11434,42.1,21666
93056,Philippeville,Philippeville,9599,43.9,20953
93088,Walcourt,Walcourt,18338,43.6,23761
93090,Viroinval,Viroinval,5579,46.2,20088
