ins,biens_proteges
11001,7
11002,1179
11004,18
11005,23
11008,12
11009,12
11013,12
11016,6
11018,7
11021,7
11022,5
11023,17
11024,16
11025,1
11029,17
11030,5
11035,28
11037,10
11038,6
11039,23
11040,15
11044,5
11050,6
11052,9
11053,15
11054,22
11055,10
11057,23
12002,9
12005,15
12007,32
12009,9
12014,23
12021,130
12025,399
12026,9
12029,10
12035,26
12040,17
12041,36
13001,9
13002,3
13003,12
13004,4
13006,5
13008,24
13010,20
13011,38
13012,6
13013,14
13014,52
13016,12
13017,10
13019,18
13021,13
13023,13
13025,31
13029,6
13031,7
13035,9
13036,9
13037,10
13040,53
13044,10
13046,5
13049,27
13053,28
21001,42
21002,20
21003,12
21004,635
21005,19
21006,12
21007,41
21008,11
21009,87
21010,15
21011,6
21012,28
21013,59
21014,29
21015,48
21016,93
21017,47
21018,42
21019,32
23002,28
23003,27
23009,5
23016,33
23025,35
23027,35
23033,13
23038,20
23039,3
23044,2
23045,12
23047,9
23050,20
23052,17
23060,10
23062,19
23064,12
23077,14
23081,22
23086,14
23088,26
23094,20
23096,13
23097,16
23098,5
23099,12
23100,6
23101,22
23102,13
23103,6
23104,31
23105,11
23106,59
24001,36
24007,4
24008,6
24009,14
24011,32
24014,6
24016,18
24020,112
24028,15
24033,17
24038,11
24041,34
24043,10
24045,28
24048,7
24054,22
24055,10
24059,34
24062,234
24066,17
24086,11
24094,22
24104,29
24107,65
24109,3
24130,37
24133,16
24134,20
24135,13
24137,7
25005,8
25014,26
25015,18
25018,14
25023,16
25031,20
25037,14
25043,7
25044,4
25048,30
25050,7
25068,1
25072,25
25084,12
25091,9
25105,9
25107,8
25110,11
25112,7
25117,6
25118,7
25119,19
25120,10
25121,12
25122,20
25123,10
25124,7
31003,10
31004,90
31005,608
31006,48
31012,11
31022,14
31033,18
31040,22
31042,34
31043,82
32003,76
32006,13
32010,29
32011,12
32030,57
33011,155
33016,9
33021,93
33029,17
33037,26
33039,77
33040,23
33041,15
34002,23
34003,9
34009,5
34013,14
34022,252
34023,3
34025,1
34027,52
34040,12
34041,46
34042,13
34043,14
35002,6
35005,29
35006,17
35011,53
35013,179
35014,21
35029,24
36006,7
36007,8
36008,31
36010,12
36011,5
36012,7
36015,47
36019,4
37002,10
37010,1
37011,3
37017,5
37020,14
37021,15
37022,20
38002,41
38008,14
38014,34
38016,48
38025,138
41002,119
41011,5
41018,61
41024,7
41027,60
41034,15
41048,59
41063,17
41081,61
41082,25
42003,25
42004,27
42006,216
42008,35
42010,31
42011,35
42023,28
42025,41
42026,27
42028,9
43002,52
43005,34
43007,35
43010,47
43014,22
43018,15
44013,17
44019,63
44020,23
44021,673
44052,24
44064,20
44081,14
44083,66
44084,23
44085,42
44086,12
44087,46
44088,41
45035,149
45041,33
45059,38
45060,29
45061,26
45062,28
45063,14
45064,31
45065,57
45068,69
46020,14
46021,68
46024,15
46025,17
46029,71
46030,77
51004,43
51008,11
51009,9
51012,8
51014,10
51017,7
51019,6
51065,3
51067,34
51068,10
51069,10
52010,1
52011,56
52012,3
52015,14
52018,2
52021,2
52022,12
52025,20
52048,1
52055,10
52074,8
52075,7
53014,12
53020,12
53028,10
53039,3
53044,5
53046,2
53053,178
53065,5
53068,3
53070,7
53082,4
53083,5
53084,6
55004,31
55035,9
55040,22
55050,13
55085,27
55086,2
56001,1
56005,15
56016,18
56022,9
56029,3
56044,5
56049,2
56051,9
56078,27
56086,7
56088,4
57003,7
57018,6
57027,6
57062,0
57064,19
57072,1
57081,212
57093,5
57094,7
57095,1
57096,7
57097,4
58001,19
58002,26
58003,7
58004,6
61003,12
61010,9
61012,22
61019,13
61024,6
61028,2
61031,79
61039,5
61041,18
61043,12
61048,3
61063,2
61068,3
61072,11
61079,12
61080,7
61081,7
62003,10
62006,7
62009,21
62011,10
62015,1
62022,22
62026,10
62027,16
62032,28
62038,5
62051,10
62060,5
62063,460
62079,9
62093,5
62096,17
62099,13
62100,23
62108,19
62118,6
62119,15
62120,17
62121,5
62122,12
63001,9
63003,11
63004,9
63012,14
63013,7
63020,2
63023,99
63035,34
63038,12
63040,10
63045,11
63046,21
63048,22
63049,24
63057,13
63058,16
63061,26
63067,17
63072,32
63073,49
63075,23
63076,36
63079,96
63080,13
63084,11
63086,1
63087,20
63088,21
63089,15
64008,2
64015,21
64021,5
64023,7
64025,4
64029,18
64034,26
64047,3
64056,4
64063,11
64065,4
64074,13
64075,6
64076,16
71002,7
71004,22
71011,24
71016,15
71017,15
71020,15
71024,25
71034,6
71037,12
71045,9
71053,211
71066,11
71067,3
71070,14
71071,18
71072,147
72003,15
72004,15
72018,21
72020,13
72021,83
72030,37
72037,16
72038,10
72039,12
72041,43
72042,13
72043,27
73001,34
73022,64
73028,2
73042,49
73066,106
73098,26
73107,27
73109,59
73110,63
73111,263
81001,36
81003,13
81004,21
81013,3
81015,17
82009,1
82014,28
82032,17
82036,6
82037,30
82038,2
82039,27
83012,31
83013,8
83028,10
83031,7
83034,26
83040,6
83044,2
83049,2
83055,3
84009,30
84010,34
84016,3
84029,5
84033,4
84035,4
84043,3
84050,13
84059,14
84068,9
84075,2
84077,3
85007,19
85009,11
85011,22
85024,13
85026,2
85034,3
85039,8
85045,18
85046,7
85047,12
91005,11
91013,9
91015,5
91030,23
91034,70
91054,3
91059,6
91064,12
91072,11
91103,8
91114,49
91120,8
91141,12
91142,11
91143,14
92003,45
92006,20
92035,15
92045,11
92048,6
92054,21
92087,19
92094,144
92097,12
92101,14
92114,9
92137,8
92138,8
92140,9
92141,6
92142,22
93010,5
93014,40
93018,17
93022,10
93056,37
93088,12
93090,21
